timestamp,level,component,message
2025-10-31T03:13:01.523,INFO,SYSTEM,Automated Pharmacy Storage System started
2025-10-31T03:13:01.541,INFO,MEDICATION,Medication ASPIRIN_100MG: RESTOCKED - Quantity: 1000
2025-10-31T03:13:01.542,INFO,MEDICATION,Medication INSULIN_50ML: DISPENSED - Quantity: 5
2025-10-31T03:13:01.542,INFO,STORAGE,Storage REFRIGERATED_UNIT_1: TEMPERATURE_ALERT: 8°C
2025-10-31T03:13:01.543,INFO,ROBOT,Robot PICKER_BOT_01: RETRIEVING_MEDICATION
2025-10-31T03:13:01.544,ERROR,SYSTEM,Network connection lost
2025-10-31T03:13:09.813,INFO,SYSTEM,Automated Pharmacy Storage System started
2025-10-31T03:13:09.831,INFO,MEDICATION,Medication ASPIRIN_100MG: RESTOCKED - Quantity: 1000
2025-10-31T03:13:09.832,INFO,MEDICATION,Medication INSULIN_50ML: DISPENSED - Quantity: 5
2025-10-31T03:13:09.833,INFO,STORAGE,Storage REFRIGERATED_UNIT_1: TEMPERATURE_ALERT: 8°C
2025-10-31T03:13:09.834,INFO,ROBOT,Robot PICKER_BOT_01: RETRIEVING_MEDICATION
2025-10-31T03:13:09.835,ERROR,SYSTEM,Network connection lost
